use  Insurance_Company;

-- table 1

INSERT INTO T5_INCIDENT VALUES('50101','Fire','2011-10-03','Sparks from tear in the electric wiring systems are not covered in insurance');
INSERT INTO T5_INCIDENT VALUES('50102','Theft','2003-10-07','Insurers will pay an amount equal to declared value of insured bike in case of theft. A report by one of the leading English dailies paint an agonizing picture for two-wheeler owners in India');
INSERT INTO T5_INCIDENT VALUES('50103','Collision Coverage','2004-08-23','100% of the sum insured is offered on the accidental death of the insured person Reimbursement will be offered for the medical expenses incurred due to an accident. The insurance policy also pays for an education fund for two children in case of death of the insured');
INSERT INTO T5_INCIDENT VALUES('50104','lightning','2006-08-15','Under The policy of Standard Fire and Special Perils Policy Coverage you can claim the Damage coverages');
INSERT INTO T5_INCIDENT VALUES('50105','self ignition','2006-11-14',"Third-party car insurance cover will pay for any fiscal liability and will also from claims arising from a third party when the insured's vehicle is at fault fire, explosion, self-ignition");
INSERT INTO T5_INCIDENT VALUES('50106','external explosion','2008-05-23',"Most home and contents insurance covers you for damage caused by fire, including bushfire. Generally, a flame has to cause the damage");
INSERT INTO T5_INCIDENT VALUES('50107','burglar','2009-10-15', 'Insurers will pay an amount equal to declared value of insured bike in case of theft. A report by one of the leading English dailies paint an agonizing picture for two-wheeler owners in India');
INSERT INTO T5_INCIDENT VALUES('50108','nuclear perils','2012-03-02', 'insurance contract that safeguards the insured against unforeseen contingency caused by accidental fire, lightning, explosion/implosion, destruction or damage caused by aerial devices, man made perils');
INSERT INTO T5_INCIDENT VALUES('50109','mechanical breakdown','2014-01-07','Equipment breakdown coverage. Equipment breakdown coverage is a form of commercial insurance that provides funds to repair or replace damaged machinery or equipment that has suffered a mechanical or electrical failure');
INSERT INTO T5_INCIDENT VALUES('50110','drunken driving','2014-01-20','Driving under the influence of alcohol or drugs is illegal obviously However if you drive drunk and cause a car accident your car insurance policy will pay for damages you cause  up to the liability limits of your policy');
INSERT INTO T5_INCIDENT VALUES('50111','natural calamity','2014-11-21','A comprehensive car insurance policy provides coverage against damages or losses caused due to almost all natural disasters');
INSERT INTO T5_INCIDENT VALUES('50112','auto liability coverage','2015-04-09','Liability insurance is a part of the general insurance system of risk financing to protect the purchaser from the risks of liabilities imposed by lawsuits and similar claims and protects the insured if the purchaser is sued for claims that come within the coverage of the insurance policy');
INSERT INTO T5_INCIDENT VALUES('50113','Floods Damage','2015-11-17', 'Add on cover called Engine Protection to cover the losses to engine due to flood water. The Add on is designed to cover damages caused to the car\’s engine');
INSERT INTO T5_INCIDENT VALUES('50114','Comprehensive Insurance','2016-04-04','provides the minimal required coverage of losses related to a third-party. In addition, comprehensive insurance offers protection from losses or damage to the insured vehicle and injuries to the owner,due to accidents');
INSERT INTO T5_INCIDENT VALUES('50115','Aggravated damage','2017-07-28','Aggravated damages are the special and highly exceptional damages awarded on a defendant by a court, when his/her conduct amounts to tortious conduct subjecting the plaintiff to humiliating and malicious circumstances');
INSERT INTO T5_INCIDENT VALUES('50116','windshield damage','2018-06-15','The windshield of your car may break or have a crack as a result of a collision or non-collision. A comprehensive car insurance policy covers all physical damages caused to your car\'s windshield due to collision and non-collision');
INSERT INTO T5_INCIDENT VALUES('50117','Personal Injury','2019-01-01','Personal injury protection will cover all the costs associated with the accident');
INSERT INTO T5_INCIDENT VALUES('50118','Weather damage','2019-07-09','The comprehensive policy will cover various aspects which are outside the purview of the collision of the vehicle');
INSERT INTO T5_INCIDENT VALUES('50119', 'vehicle stops in the middle of the road','2019-08-19','If your vehicle stops in the middle of the roadthe insurance company will come to your rescue');
INSERT INTO T5_INCIDENT VALUES('50120','damage of the engine','2019-10-21','The damage of the engine due to various reasons will be replaced when you subscribe to the engine replacement coverage');



-- table 2

INSERT INTO T5_CUSTOMER VALUES (50201, 'Aakash', 'Tiwari', '2000-09-06', 'M','Lucknow',6969696969,'18bcs001@iiitdwd.ac.in', 9104658395, 'Single', 20 );
INSERT INTO T5_CUSTOMER VALUES (50202, 'Yashdeep ', 'Shetty ','1999-12-04' , 'M','Mumbai ',9696969696 ,'18bcs092@iiitdwd.ac.in ', 6583947362, 'Married ', 21 );
INSERT INTO T5_CUSTOMER VALUES (50203, 'Rutvik  ', 'Yamkanmaradi  ','1999-07-23' ,'M','Banglore ',8007548394 ,'18bcs082@iitdwd.ac.in ', 7696758366,'Divorced', 21);
INSERT INTO T5_CUSTOMER VALUES (50204, 'Ashish  ', 'Chanchalani  ','1998-07-23' ,'M','Mumbai ',8307468394 ,'18bcs082@iitdwd.ac.in ', 7666758364,'Single', 22);
INSERT INTO T5_CUSTOMER VALUES (50205, 'Ashish  ', 'Chancha  ','1999-04-23' ,'M','Banglore ',4007568394 ,'18bcs081@iitdwd.ac.in ', 7666658364,'Divorced', 21);
INSERT INTO T5_CUSTOMER VALUES (50206, 'Jaddu  ', 'Jaddu  ','1999-05-23 ','M','Banglore ',6007568394 ,'18bcs085@iitdwd.ac.in ', 7496658364,'Divorced', 21);
INSERT INTO T5_CUSTOMER VALUES (50207, 'Rohit  ', 'Sharma  ','1999-06-23' ,'M','Banglore ',7007568394 ,'18bcs084@iitdwd.ac.in ', 7496666664,'Married', 21);
INSERT INTO T5_CUSTOMER VALUES (50208, 'Ramesh  ', 'Athe  ','1999-07-23' ,'M','Banglore ',9007568394 ,'18bcs072@iitdwd.ac.in ', 7496756564,'Divorced', 21);
INSERT INTO T5_CUSTOMER VALUES (50209, 'Ashwin  ', 'Mandi  ','1999-08-23 ','M','Banglore ',8807568394 ,'18bcs073@iitdwd.ac.in ', 7496758664,'Divorced', 21);
INSERT INTO T5_CUSTOMER VALUES (50210, 'Rutuja  ', 'shah  ','1998-09-23' ,'F','Banglore ',9907568394 ,'18bcs074@iitdwd.ac.in ', 7496658364,'Divorced', 22);
INSERT INTO T5_CUSTOMER VALUES (50211, 'Rukhsana  ', 'khan  ','1999-07-23' ,'F','Hyderabad ',7707568394 ,'18bcs045@iitdwd.ac.in ', 6696658364,'Single', 21);
INSERT INTO T5_CUSTOMER VALUES (50212, 'Ronita  ', 'Chatterjee  ','1997-10-23' ,'F','Kolkata ',6607568394 ,'18bcs0843@iitdwd.ac.in ', 6696758364,'Divorced', 23);
INSERT INTO T5_CUSTOMER VALUES (50213, 'Vaishali  ', 'boradkar  ','1999-11-23' ,'F','Pune ',5507568394 ,'18bcs042@iitdwd.ac.in ', 6496758364,'Divorced', 21);
INSERT INTO T5_CUSTOMER VALUES (50214, ' Jayesh ', ' Patel ','1999-12-23' ,'M','Banglore ',4407568394 ,'18bcs041@iitdwd.ac.in ', 7496765364,'Divorced', 21);
INSERT INTO T5_CUSTOMER VALUES (50215, ' Jayakanat ', 'Kamble  ','1999-07-23' ,'M','Banglore ',3307568394 ,'18bcs0843@iitdwd.ac.in ', 7396758364,'Divorced', 21);
INSERT INTO T5_CUSTOMER VALUES (50216, ' Jayakanat ', 'Kamble  ','1999-10-23' ,'M','Lucknow ',2207568394 ,'18bcs08s423@iitdwd.ac.in ', 7196758364,'Single', 21);
INSERT INTO T5_CUSTOMER VALUES (50217, ' Jayakanat ', 'Kamble  ','2000-07-23' ,'M','Pune ',1107568394 ,'18bcs0342182@iitdwd.ac.in ', 7126758364,'Divorced', 20);
INSERT INTO T5_CUSTOMER VALUES (50218, 'Rohit  ', 'Raj  ','1999-07-23' ,'M','Banglore ',1007568394 ,'18bcs0823422@iitdwd.ac.in ', 7436758364,'Divorced', 21);
INSERT INTO T5_CUSTOMER VALUES (50219, 'Ronit  ', 'jay  ','1967-07-23' ,'M','Lucknow ',1107568394 ,'18bcs084322@iitdwd.ac.in ', 7496458364,'Married', 53);
INSERT INTO T5_CUSTOMER VALUES (50220, 'Rutvik  ', 'Yamkanmaradi  ','1999-07-23' ,'M','Banglore ',2107568394 ,'18bcs084232@iitdwd.ac.in ', 7496658364,'Divorced', 21);


-- table 3

INSERT INTO T5_INCIDENT_REPORT  VALUES('50301','Fire','Tamal Devgan',25000,'due to shortcircuit in wires fire caused almost 50% damage','50101','50201');
INSERT INTO T5_INCIDENT_REPORT  VALUES('50302','Theft',' Chand Raju',400000,'some one stole the vehicle','50102','50202');
INSERT INTO T5_INCIDENT_REPORT  VALUES('50303','Collision Coverage','Wahid Bhai Mathur',18000,'due to collision car front part hasbeen damaged','50103','50203');
INSERT INTO T5_INCIDENT_REPORT  VALUES('50304','lightning','Srinivasan Mann',35000,'due to heavy rain lightning caused damage to vehicle','50104','50204');
INSERT INTO T5_INCIDENT_REPORT  VALUES('50305','self ignition','Albert Nayar',21000,'car starts automatically and causing severe fuel drain and power and reducing efficienty more likely mechanical error','50105','50205');
INSERT INTO T5_INCIDENT_REPORT  VALUES('50306','external explosion','Marlo Singh Lodi',80000,'due to some cylinder explosion vechile was severly damaged ','50106','50206');
INSERT INTO T5_INCIDENT_REPORT  VALUES('50307','burglar','Pratap Dara',100000,'some parts of the car are robbed','50107','50207');
INSERT INTO T5_INCIDENT_REPORT  VALUES('50308','nuclear perils','Ajeet Nanda',500000,'due to nuclear explosion vechile has been damaged','50108','50208');
INSERT INTO T5_INCIDENT_REPORT  VALUES('50309','mechanical breakdown','Parveen Abbas',55000,'due to some mechanical breakdown vechile is not working','50109','50209');
INSERT INTO T5_INCIDENT_REPORT  VALUES('50310','drunken driving','Aditya Taahid',89000,'drunken driver has hit and caused a severe damage to vechile','50110','50210');
INSERT INTO T5_INCIDENT_REPORT  VALUES('50311','natural calamity','Jaswant Ram',2500000,'due to natural calamity vechile has been damaged','50111','50211');
INSERT INTO T5_INCIDENT_REPORT  VALUES('50312','auto liability coverage','Narayan Raja',250000,'vechile has hit other vechile(BMW) and caused damage and  the amount was 2500000(25lac)','50112','50212');
INSERT INTO T5_INCIDENT_REPORT  VALUES('50313','Floods Damage','Jaswant Rama',1500000,'due to floods in hyderabad  vechile engine  hasbeen damaged','50113','50213');
INSERT INTO T5_INCIDENT_REPORT  VALUES('50314','Comprehensive Insurance','Koushtubh Manne',250000,'comprehensive car insurance is an extensive motor insurance plan that covers the insured person against both, own damages and any third party liabilities','50114','50214');
INSERT INTO T5_INCIDENT_REPORT  VALUES('50315','Aggravated damage','Tarun Bhai Sundaram',17000,'Aggravated damages are the special and highly exceptional damages awarded on a defendant by a court, when his/her conduct amounts to tortious conduct subjecting the plaintiff to humiliating and malicious circumstances','50115','50215');
INSERT INTO T5_INCIDENT_REPORT  VALUES('50316','windshield damage','Kalyan Raj Mehrotra',16000,'due to accident wind shield hasbeen broken','50116','50216');
INSERT INTO T5_INCIDENT_REPORT  VALUES('50317','Personal Injury','Ishat Kade',650000,'in accident person was injured severely','50117','50217');
INSERT INTO T5_INCIDENT_REPORT  VALUES('50318','Weather damage','Kamlesh Bhai',150000,'due to heavy winds windshield was broken ','50118','50218');
INSERT INTO T5_INCIDENT_REPORT  VALUES('50319','vehicle stops in the middle of the road','Varun Mathur',13000,'due to mechanical defects vechile has stoped in the middle of the road','50119','50219');
INSERT INTO T5_INCIDENT_REPORT  VALUES('50320','damage of the engine','Varun Mathur',55000,'engine was damaged because of accident','50120','50220');

-- table 4

INSERT INTO T5_INSURANCE_COMPANY VALUES(' Bajaj Allianz Vehicle Insurance Company Limited','Hno 6-130, 1st Floor Above ING Vysya Bank Market Road Adilabad Mancherial Andhra Pradesh Telangana',18002097272,02066026789,'customercare@bajajallianz.co.in','https://www.bajajallianzVehicle.com','pune',' Bajaj Allianz Vehicle Insurance Co',' Bajaj Allianz Vehicle Insurance Co');
INSERT INTO T5_INSURANCE_COMPANY VALUES('Birla Sun Vehicle Insurance Company Limited','One World Center, Tower 1, 16th Floor, Jupiter Mill Compound, 841, Senapati Bapat Marg, Elphinstone Road, Mumbai',18002707000,18002707000,'care.Vehicleinsurance@adityabirlacapital.com','https://Vehicleinsurance.adityabirlacapital.com','Mumbai ','Birla Sun Vehicle Insurance ','Birla Sun Vehicle Insurance ');
INSERT INTO T5_INSURANCE_COMPANY VALUES('HDFC Vehicle Insurance Company Limited','Lodha Excelus, 13th Floor, Apollo Mills Compound, N.M. Joshi Marg, Mahalaxmi, Mumbai',18002649777,NULL,'buyonline@hdfcVehicle.in','https://www.hdfcVehicle.com/','Mumbai','hdfcVehicle','hdfcVehicle');
INSERT INTO T5_INSURANCE_COMPANY VALUES('ICICI Prudential Vehicle Insurance Company Limited','1089 Appasaheb Marathe Marg, Prabhadevi, Mumbai ',18602667766,02545465451,'icicipruVehicle@gmail.com','https://www.icicipruVehicle.com/','Mumbai',' ICICI PruVehicle',' ICICI PruVehicle');
INSERT INTO T5_INSURANCE_COMPANY VALUES('Exide Vehicle Insurance Company Limited','Registered Office: 3rd Floor, JP Techno Park, No. 3/1, Millers Road, Bangalore- 560 001, India.',180014141414,02215454515,'ExideVehicleInsurance@gmail.com','https://www.exideVehicle.in/','Mumbai','exidVehicleoffice','exideVehicle');
INSERT INTO T5_INSURANCE_COMPANY VALUES('Vehicle Insurance Corporation of India','2nd Floor Jagtial 505327',18005522552,021155779,'lic@gmail.com','www.lic.com','jagtial','licjagtial','licjag');
INSERT INTO T5_INSURANCE_COMPANY VALUES('Max Vehicle Insurance Company Limited','Max Vehicle Insurance Co. Ltd., 3rd, 11th and 12th Floor, DLF Square Building, Jacaranda Marg, DLF City Phase II, Gurugram (Haryana) - 122002',18601205577,122622020,'maxVehicle@help.com','maxVehicle.com','Gurugram','maxVehicleoffice','maxVehicleoffice');
INSERT INTO T5_INSURANCE_COMPANY VALUES('PNB MetVehicle India Insurance Company Limited','PNB Metife Insurance Company Limited 2nd Floor, Peninsula Tower, A Wing Peninsula Corp. Park, G. K. Marg Lower Parel, Mumbai - 400 013',1800754123127,5565454752020,'pnbmedVehicle@help.com','pnbmedVehicle.com', 'Mumbai','medVehicleoffice','pnbVehicleoffice');
INSERT INTO T5_INSURANCE_COMPANY VALUES('Kotak Vehicle Insurance Company Limited','Kotak Mahindra Vehicle Insurance Company Limited, Regd. Office: 2nd Floor, Plot # C- 12, G- Block, BKC, Bandra (E), Mumbai - 400 051',1800287867160,556622020,'KotakVehicleInsurance@help.com','KotakVehicleInsurance.com','Mumbai','kotakVehicleoffice','kotakVehicleoffice');
INSERT INTO T5_INSURANCE_COMPANY VALUES('SBI Vehicle Insurance Company Limited','SBI Vehicle Corporate Solutions. 7th Floor, "Natraj", MV Road & Western Express Highway Junction, Andheri (East) , Mumbai - 400 069',180571584020,5565871687,'sbiVehicle@help.com','sbiVehicle.com','Mumbai','sbiVehicleoffice','sbiVehicleoffice');
INSERT INTO T5_INSURANCE_COMPANY VALUES('Tata AIA Vehicle Insurance Company Limited','Floor, Tower A, Peninsula Business Park, Senapati Bapat Marg, Lower Parel, Mumbai 400013',1881784560,555444220220,'tataaia@help.com','tataVehicle.com','Mumbai','tataVehicleoffice','tataVehicleoffice');
INSERT INTO T5_INSURANCE_COMPANY VALUES('Reliance Vehicle Insurance Company Limited','Reliance Centre, 5th floor, Off Western Express Highway, Santacruz East, Mumbai, Mumbai-City district, Maharashtra-400055',18068168110020,55540542020,'relianceVehicle@help.com','relianceVehicle.com','Mumbai','relianceVehicleoffice','relianceVehicleoffice');
INSERT INTO T5_INSURANCE_COMPANY VALUES('Aviva Vehicle Insurance Company Limited','Towers, Sector Road, Opposite Golf Course, DLF Phase V, Sector 43, Gurgaon – 122003.',1858406843500,5684620,'aiaamaxVehicle@help.com','aviamaxVehicle.com','Gurgaon','aviamaxVehicleoffice','aviamaxVehicleoffice');
INSERT INTO T5_INSURANCE_COMPANY VALUES('Shriram Vehicle Insurance Company Limited','Bank Training Centre, Financial District, Gachibowli, Hyderabad, TG, India – 500032.',165806805520,5568470640620,'ShriramVehicle@help.com','ShriramVehicle.com','Hyderabad','ShriramVehicleoffice','ShriramVehicleoffice');
INSERT INTO T5_INSURANCE_COMPANY VALUES('Bharti AXA Vehicle Insurance Company Limited','130, Unit No. 1904, 19th Floor, Parinee Crescenzo, G Block, Bandra',18060565020,5505650022020,'BhartiVehicle@help.com','BhartiVehicle.com','Mumbai','BhartiVehicleoffice','BhartiVehicleoffice');
INSERT INTO T5_INSURANCE_COMPANY VALUES(' Future Generali India Vehicle Insurance Company Limited','1st Floor, 7-1-21A, Raj Bhavan Rd, opp. Vehiclestyle Building, beside Vinn Hospital APDL Estates, Begumpet, Hyderabad, Telangana 500016',18060505087610020,556806820,'FutureVehicle@help.com','FutureVehicle.com','Hyderabad','FutureVehicleoffice','FutureVehicleoffice');
INSERT INTO T5_INSURANCE_COMPANY VALUES('IDBI Federal Vehicle Insurance Company Limited','3-5-922 Sri Sai Balaji Residency, Near Narayanaguda Flyover, Hyderabad, Telangana 500029',6878605410620,68744545600,'IDBIFederalVehicle@help.com','IDBIFederalVehicle.com','Hyderabad','IDBI FederalVehicleoffice','IDBIFederalVehicleoffice');
INSERT INTO T5_INSURANCE_COMPANY VALUES(' Canara HSBC Oriental Bank of Commerce LIC Limited','206 & 207, 2nd Floor, Aditya Trade Center, 7-1-618, Ameerpet, Hyderabad, Telangana 500038',6804764554,184556622020,'CanaraVehicle@help.com','CanaraVehicle.com','Hyderabad','CanaraVehicleoffice','CanaraVehicleoffice');
INSERT INTO T5_INSURANCE_COMPANY VALUES('Aegon Vehicle Insurance Company Limited','206 & 207, 2nd Floor, Aditya Trade Center, 7-1-618, Ameerpet, Hyderabad, Telangana 500038',1900010020,5566565220,'AegonVehicle@help.com','AegonVehicle.com','Hyderabad','AegonVehicleoffice','AegonVehicleoffice');
INSERT INTO T5_INSURANCE_COMPANY VALUES('DLF Pramerica Vehicle Insurance Company Limited','Office No.501- 520, on 5th floor, Bezzola Complex C.H.S. Ltd., S. No. 237, C.S. No. 353, 352/2, 353/3, 353/4, Sion Trombay Road,',19010020010020,5566889020,'DLFVehicle@help.com','DLFVehicle.com','Sion','DLFVehicleoffice','DLFVehicleoffice');

-- table 5
INSERT INTO T5_DEPARTMENT VALUES 	
     ('Underwriting Department', '50501', 'vishal kotwal', ' Bajaj Allianz Vehicle Insurance Company Limited'),
     ('Claims Department', '50502', 'ruthvik', 'Birla Sun Vehicle Insurance Company Limited'),
     ('Legal Department', '50503', 'jay bhanushali', 'HDFC Vehicle Insurance Company Limited'),
     ('Legal Department', '50504', 'jay ', 'ICICI Prudential Vehicle Insurance Company Limited'),
     ('Legal Department', '50505', 'bhanushali', 'Exide Vehicle Insurance Company Limited'),
     ('Legal Department', '50506', 'sahedev', 'Kotak Vehicle Insurance Company Limited'),
     ('Audit Department', '50507', 'namratha','SBI Vehicle Insurance Company Limited'),
     ('Agency Department', '50508', 'raghav', ' Future Generali India Vehicle Insurance Company Limited'),
     ('Marketing Department', '50509', 'kotwal rama', 'IDBI Federal Vehicle Insurance Company Limited'),
     ('Reinsurance Department', '50510', 'jay bheem',' Canara HSBC Oriental Bank of Commerce LIC Limited'),
     ('Audit Department', '50511', 'ramakrishana', 'Aegon Vehicle Insurance Company Limited'),
     ('Legal Department', '50512', 'bhargav', 'IDBI Federal Vehicle Insurance Company Limited'),
     ('Investment Department', '50513', 'goldi jaydev', 'IDBI Federal Vehicle Insurance Company Limited'),
     ('Accounting Department', '50514', 'yamkam', 'Shriram Vehicle Insurance Company Limited'),
     ('Actuarial and Statistical Department', '50515', 'varsha', 'Shriram Vehicle Insurance Company Limited'),
     ('Underwriting Department', '50516', 'rama prekaash', 'Shriram Vehicle Insurance Company Limited'),
     ('Claims Department', '50517', 'kanchan', 'IDBI Federal Vehicle Insurance Company Limited'),
     ('Underwriting Department', '50518', 'bheemma', ' Canara HSBC Oriental Bank of Commerce LIC Limited'),
	 ('Claims and audit Department', '50519', 'ruthvika', 'Birla Sun Vehicle Insurance Company Limited'),
     ('Claims and audit loss Department', '50520', 'ruthvika', 'Birla Sun Vehicle Insurance Company Limited'),
     ('Claims and audit profit Department', '50521', 'ruthvikay', 'Birla Sun Vehicle Insurance Company Limited');
     
-- table 6
INSERT INTO T5_VEHICLE_SERVICE VALUES ('Underwriting Department','AB','pune','9945610045','vishal kotwal','full-service','50501', ' Bajaj Allianz Vehicle Insurance Company Limited');
INSERT INTO T5_VEHICLE_SERVICE VALUES     ('Claims Department','CD','pune','9945610345', 'ruthvik','half-service','50502','Birla Sun Vehicle Insurance Company Limited');
INSERT INTO T5_VEHICLE_SERVICE VALUES     ('Legal Department','EF','bangalore','9945610545','jay bhanushali','full-service','50503',  'HDFC Vehicle Insurance Company Limited');
INSERT INTO T5_VEHICLE_SERVICE VALUES     ('Legal Department','GH','kolkata','9945610745','jay ','half-service','50504', 'ICICI Prudential Vehicle Insurance Company Limited');
INSERT INTO T5_VEHICLE_SERVICE VALUES     ('Legal Department','IJ','delhi','9945610085', 'bhanushali','half-service','50505',  'Exide Vehicle Insurance Company Limited');
INSERT INTO T5_VEHICLE_SERVICE VALUES     ('Legal Department','KL','nagpur','9945630045','sahedev','full-service','50506',  'Kotak Vehicle Insurance Company Limited');
INSERT INTO T5_VEHICLE_SERVICE VALUES     ('Audit Department','MN','oty','9945615045', 'namratha','half-service','50507', 'SBI Vehicle Insurance Company Limited');
INSERT INTO T5_VEHICLE_SERVICE VALUES     ('Agency Department','OP','jaipur','9945110045', 'raghav','full-service','50508',' Future Generali India Vehicle Insurance Company Limited');
 INSERT INTO T5_VEHICLE_SERVICE VALUES    ('Marketing Department','QR','raipur','8945610045','kotwal rama','half-service','50509',  'IDBI Federal Vehicle Insurance Company Limited');
 INSERT INTO T5_VEHICLE_SERVICE VALUES    ('Reinsurance Department','ST','solapur','9946610045','jay bheem','half-service','50510', ' Canara HSBC Oriental Bank of Commerce LIC Limited');
 INSERT INTO T5_VEHICLE_SERVICE VALUES    ('Audit Department','UV','kolapur','9945610040','ramakrishana','full-service','50511','Aegon Vehicle Insurance Company Limited');
 INSERT INTO T5_VEHICLE_SERVICE VALUES    ('Legal Department','WX','thane','9945610041','bhargav','half-service','50512',  'IDBI Federal Vehicle Insurance Company Limited');
 INSERT INTO T5_VEHICLE_SERVICE VALUES    ('Investment Department','YZ','udpi','9945610043','goldi jaydev','full-service','50513', 'IDBI Federal Vehicle Insurance Company Limited');
 INSERT INTO T5_VEHICLE_SERVICE VALUES    ('Accounting Department','AA','yeswanthpur', '9945610044','yamkam','half-service','50514',  'Shriram Vehicle Insurance Company Limited');
INSERT INTO T5_VEHICLE_SERVICE VALUES     ('Actuarial and Statistical Department','BB','hubli','9945610075', 'varsha','full-service','50515', 'Shriram Vehicle Insurance Company Limited');
INSERT INTO T5_VEHICLE_SERVICE VALUES     ('Underwriting Department','CC','dharwad','9945610048', 'rama prekaash', 'half-service','50516', 'Shriram Vehicle Insurance Company Limited');
INSERT INTO T5_VEHICLE_SERVICE VALUES     ('Claims Department','DD','chennai','9945610049','kanchan', 'half-service','50517', 'IDBI Federal Vehicle Insurance Company Limited');
 INSERT INTO T5_VEHICLE_SERVICE VALUES    ('Underwriting Department','EE','lucknow','9945699045', 'bheemma','full-service','50518', ' Canara HSBC Oriental Bank of Commerce LIC LIMITED');

 -- table 7
INSERT INTO T5_VEHICLE VALUES ('50701', '5551100', 'MH 01 AZ 9009', 1000000, '4 wheeler', 15.4, 4, 'Skoda', 51701, 52701, 991101, 'RTX-500100', '50208');
INSERT INTO T5_VEHICLE VALUES    ('50702', '5655192', 'KA 09 BY 8118', 500000, '4 wheeler', 12.8, 4, 'TATA', 51702, 52702, 801301, 'RTX-780100', '50211');
INSERT INTO T5_VEHICLE VALUES    ('50703', '2989893', 'MH 11 CX 7227', 750000, '4 wheeler', 12.8, 4, 'TATA', 51703, 52703, 320901, 'RTX-589900', '50201');
INSERT INTO T5_VEHICLE VALUES    ('50704', '3203290', 'MH 35 DW 6336', 1200000, '4 wheeler', 19.4, 6, 'Mercedes', 51704, 52704, 549101, 'RTX-487100', '50202');
INSERT INTO T5_VEHICLE VALUES    ('50705', '7609208', 'GA 02 EV 5445', 1690000, '4 wheeler', 25.4, 8, 'Mahindra', 51705, 52705, 994100, 'RTX-848500', '50210');
INSERT INTO T5_VEHICLE VALUES    ('50706', '4880365', 'UP 29 FU 4554', 800000, '4 wheeler', 15.4, 4, 'Maruti', 51706, 52706, 991181, 'RTX-587533', '50215');
INSERT INTO T5_VEHICLE VALUES    ('50707', '6541534', 'MP 56 GT 3663', 900000, '4 wheeler', 19.4, 5, 'Mahindra', 51707, 52707, 799110, 'RTX-587130', '50213');
INSERT INTO T5_VEHICLE VALUES    ('50708', '5554515', 'KA 10 HS 2772', 759999, '4 wheeler', 15.4, 4, 'Skoda', 51708, 52708, 991171, 'RTX-503452', '50212');
INSERT INTO T5_VEHICLE VALUES    ('50709', '5485110', 'MH 17 IR 1881', 920000, '4 wheeler', 15.4, 4, 'Tata', 51709, 52709, 2990101, 'RTX-340100', '50218');
INSERT INTO T5_VEHICLE VALUES   ('50710', '8551190', 'RJ 41 JQ 0990', 2300000, '4 wheeler', 25.4, 9, 'BMW', 51710, 52710, 771201, 'RTX-450100', '50206');
INSERT INTO T5_VEHICLE VALUES    ('50711', '3949295', 'CH 35 KP 0000', 2500000, '4 wheeler', 25.4, 8, 'AUDI', 51711, 52711, 881101, 'RTX-343100', '50211');
INSERT INTO T5_VEHICLE VALUES    ('50712', '1787318', 'MP 27 LO 1111', 1699990, '4 wheeler', 19.4, 6, 'Skoda', 51712, 52712, 998641, 'RTX-3450100', '50219');
INSERT INTO T5_VEHICLE VALUES    ('50713', '4621694', 'UP 18 MN 2222', 700000, '4 wheeler', 12.4, 4, 'Maruti', 51713, 52713, 459110, 'RTX-5554100', '50220');
INSERT INTO T5_VEHICLE VALUES    ('50714', '9262456', 'GA 09 AB 3333', 1500000, '4 wheeler', 19.4, 6, 'Honda', 51714, 52714, 488101, 'RTX-534100', '50209');
INSERT INTO T5_VEHICLE VALUES    ('50715', '3547518', 'KA 11 CD 4444', 1100000, '4 wheeler', 15.4, 4, 'Ford', 51715, 52715, 978101, 'RTX-5002300', '50214');
INSERT INTO T5_VEHICLE VALUES    ('50716', '9796133', 'MH 07 EF 5555', 1700000, '4 wheeler', 19.4, 5, 'Ford', 51716, 52716, 999901, 'RTX-2340100', '50207');
INSERT INTO T5_VEHICLE VALUES    ('50717', '5454545', 'MH 34 GH 6666', 800000, '4 wheeler', 12.4, 4, 'Volkswagon', 51717, 52717, 279101, 'RTX-000100', '50215');
INSERT INTO T5_VEHICLE VALUES    ('50718', '3434329', 'HP 14 HI 7777', 900000, '4 wheeler', 15.4, 4, 'Skoda', 51718, 52718, 191877, 'RTX-430100', '50203');
INSERT INTO T5_VEHICLE VALUES    ('50719', '4843466', 'DL 34 JK 8888', 650000, '4 wheeler', 12.4, 4, 'Maruti', 51718, 52719, 998741, 'RTX-5433100', '50208');
INSERT INTO T5_VEHICLE VALUES    ('50720', '7846844', 'MH 12 LM 9999', 1200000, '4 wheeler', 19.4, 6, 'BMW', 51720, 52720, 485631, 'RTX-940100', '50210');
 -- table 8
 
insert into T5_PREMIUM_PAYMENT values (50801 , 23235345 , 400000 ,'2018-12-23' , 50901, 50201 );
insert into T5_PREMIUM_PAYMENT values (50802 , 34423423 , 5200000 ,'2019-11-20' ,  50902 ,50202);
insert into T5_PREMIUM_PAYMENT values (50803 , 342355325 , 520000 ,'2018-02-25' ,  50903 , 50203 );
insert into T5_PREMIUM_PAYMENT values (50804 , 4542334 , 400000 , '2019-05-15' , 50904 , 50204 );
insert into T5_PREMIUM_PAYMENT values (50805 , 3434235 , 520000 , '2018-04-13' ,  50905 , 50205 );
insert into T5_PREMIUM_PAYMENT values (50806 , 86575745 , 400000 ,'2019-04-21' ,  50906 , 50206 );
insert into T5_PREMIUM_PAYMENT values (50807 , 74576547 , 380000 , '2018-09-11' ,  50907 , 50207 );
insert into T5_PREMIUM_PAYMENT values (50808 , 3432443535 , 400000 ,'2019-09-24' , 50908 , 50208 );
insert into T5_PREMIUM_PAYMENT values (50809 , 34234234434 , 360000 , '2018-08-12'  , 50909 , 50209 );
insert into T5_PREMIUM_PAYMENT values (50810 , 534324 , 2800000 , '2019-01-23' , 50910 , 50210 );
insert into T5_PREMIUM_PAYMENT values (50811 , 342343434 , 220000 , '2018-11-17' , 50911 , 50211 );
insert into T5_PREMIUM_PAYMENT values (50812 , 87686867 , 380000 , '2019-12-14' ,  50912 , 50212 );
insert into T5_PREMIUM_PAYMENT values (50813 , 767455436 , 280000 , '2018-10-06' , 50913 , 50213 );
insert into T5_PREMIUM_PAYMENT values (50814 , 6547554 , 4000000 ,'2019-10-09' ,  50914 , 50214 );
insert into T5_PREMIUM_PAYMENT values (50815 , 84567546 , 350000 ,'2018-05-02' , 50915 , 50215 );
insert into T5_PREMIUM_PAYMENT values (50816 , 53245345 , 380000 , '2019-05-10' , 50916 , 50216 );
insert into T5_PREMIUM_PAYMENT values (50817 , 9567546 , 400000 ,'2019-06-12' ,  50901 , 50217 );
insert into T5_PREMIUM_PAYMENT values (50818 , 45235235 , 520000 ,'2018-06-29' , 50918 , 50218 );
insert into T5_PREMIUM_PAYMENT values (50819 , 8547546 , 3800000 , '2019-02-19' , 50919 , 50219 );
insert into T5_PREMIUM_PAYMENT values (50820 , 34324434 , 400000 ,'2018-11-20' ,50920 , 50220 );

-- table 9

insert into T5_RECEIPT values(50901, '2020-10-12' , 342 , 50801 , 50201 );
insert into T5_RECEIPT values(50902, '2020-01-12' , 324 , 50802 , 50202 );
insert into T5_RECEIPT values(50903, '2020-11-12' , 545, 50803, 50203 );
insert into T5_RECEIPT values(50904, '2020-10-10' , 234 , 50804 , 50204 );
insert into T5_RECEIPT values(50905,'2020-10-20' , 56 , 50805, 50205 );
insert into T5_RECEIPT values(50906, '2020-10-02' , 345 , 50806, 50206 );
insert into T5_RECEIPT values(50907, '2020-10-11' , 467 , 50807 , 50207 );
insert into T5_RECEIPT values(50908, '2020-10-15' , 678 , 50808 , 50208 );
insert into T5_RECEIPT values(50909, '2020-10-13' , 689 , 50809 , 50209 );
insert into T5_RECEIPT values(50910, '2020-10-10' , 567 , 50810 , 50210 );
insert into T5_RECEIPT values(50911, '2020-10-09' , 789 , 50811 , 50211 );
insert into T5_RECEIPT values(50912, '2020-11-12' , 788 , 50812 , 50212 );
insert into T5_RECEIPT values(50913, '2020-09-12' , 456, 50813 , 50213 );
insert into T5_RECEIPT values(50914, '2020-10-12' , 345 , 50814 , 50214 );
insert into T5_RECEIPT values(50915, '2020-11-12' , 345 , 50815 , 50215 );
insert into T5_RECEIPT values(50916, '2020-03-12' , 233 , 50816 , 50216 );
insert into T5_RECEIPT values(50917, '2020-02-12' , 345 , 50817 , 50217 );
insert into T5_RECEIPT values(50918, '2020-03-12' , 444 , 50818 , 50218 );
insert into T5_RECEIPT values(50919, '2020-04-12' , 345 , 50819 , 50219 );
insert into T5_RECEIPT values(50920, '2020-06-12' , 550 , 50820 , 50220 );

-- table 10

INSERT INTO T5_APPLICATION VALUES ('51001', '50701', 'PENDING', 'Liability Coverage', '50201');
INSERT INTO T5_APPLICATION VALUES ('51002', '50702', 'ACCEPTED', 'Uninsured And Underinsured Motorist Coverage', '50202');
INSERT INTO T5_APPLICATION VALUES ('51003', '50703', 'PENDING', 'Comprehensive Coverage', '50203');
INSERT INTO T5_APPLICATION VALUES  ('51004', '50704', 'REJECTED', 'Collision Coverage', '50204');
INSERT INTO T5_APPLICATION VALUES    ('51005', '50705', 'ACCEPTED', 'Medical Payments Coverage', '50205');
INSERT INTO T5_APPLICATION VALUES    ('51006', '50706', 'PENDING', 'Personal Injury Protection', '50206');
INSERT INTO T5_APPLICATION VALUES    ('51007', '50707', 'PENDING', 'Uninsured And Underinsured Motorist Coverage', '50207');
INSERT INTO T5_APPLICATION VALUES    ('51008', '50708', 'ACCEPTED', 'Liability Coverage', '50208');
INSERT INTO T5_APPLICATION VALUES    ('51009', '50709', 'REJECTED', 'Medical Payments Coverage', '50209');
INSERT INTO T5_APPLICATION VALUES    ('51010', '50710', 'PENDING', 'Medical Payments Coverage', '50210');
INSERT INTO T5_APPLICATION VALUES    ('51011', '50711', 'PENDING', 'Liability Coverage', '50211');
INSERT INTO T5_APPLICATION VALUES    ('51012', '50712', 'REJECTED', 'Comprehensive Coverage', '50212');
INSERT INTO T5_APPLICATION VALUES    ('51013', '50713', 'ACCEPTED', 'Uninsured And Underinsured Motorist Coverage', '50213');
INSERT INTO T5_APPLICATION VALUES    ('51014', '50714', 'ACCEPTED', 'Medical Payments Coverage', '50214');
INSERT INTO T5_APPLICATION VALUES    ('51015', '50715', 'REJECTED', 'Collision Coverage', '50215');
INSERT INTO T5_APPLICATION VALUES    ('51016', '50716', 'ACCEPTED', 'Liability Coverage', '50216');
INSERT INTO T5_APPLICATION VALUES    ('51017', '50717', 'REJECTED', 'Personal Injury Protection', '50217');
INSERT INTO T5_APPLICATION VALUES   ('51018', '50718', 'PENDING', 'Personal Injury Protection', '50218');
INSERT INTO T5_APPLICATION VALUES    ('51019', '50719', 'ACCEPTED', 'Comprehensive Coverage', '50219');
INSERT INTO T5_APPLICATION VALUES    ('51020', '50720', 'REJECTED', 'Collision Coverage', '50220');


-- table 11
INSERT INTO T5_INSURANCE_POLICY VALUES ('51101','Tyre Protect' ,'55001','2020-02-08', '2022-02-08',  'Coverage against loss of or damage to your vehicle caused by accident,theft,fire,explosion,self-ignition,lightning,riots,strikes or acts of terrorism,natural calamities','51001' ,'50201');
INSERT INTO T5_INSURANCE_POLICY VALUES ('51102','Tyre Protect' ,'55002','2020-03-08', '2022-03-08',  'Coverage against loss of or damage to your vehicle caused by accident,theft,fire,natural calamities','51003' ,'50203');
INSERT INTO T5_INSURANCE_POLICY VALUES    ('51103','Engine Cover' ,'55003','2020-04-08', '2022-04-08',  'Coverage against loss of or damage to your vehicle caused by fire,explosion,self-ignition,lightning,riots,strikes or acts of terrorism,natural calamities','51004' ,'50204');
INSERT INTO T5_INSURANCE_POLICY VALUES    ('51104','Engine Cover' ,'55004','2020-05-01', '2022-05-03',  'Coverage against loss of or damage to your vehicle caused by accident,theft,fire,explosion,self-ignition,lightning,natural calamities','51002', '50202');
INSERT INTO T5_INSURANCE_POLICY VALUES    ('51105','Engine Cover' ,'55005','2020-05-08', '2022-05-08',  'Coverage against loss of or damage to your vehicle caused by accident,fire,explosion,self-ignition,lightning,riots,strikes or acts of terrorism,natural calamities', '51005','50205');
INSERT INTO T5_INSURANCE_POLICY VALUES    ('51106', 'Engine Cover' ,'55006','2020-01-08', '2022-01-08',  'Coverage against loss of or damage to your vehicle caused by accident,theft,fire,explosion,self-ignition,lightning,riots,strikes or acts of terrorism','51002' ,'50202');
INSERT INTO T5_INSURANCE_POLICY VALUES    ('51107', 'Tyre Protect','55007','2020-02-08', '2022-02-08',  'Coverage against loss of or damage to your vehicle caused by accident,theft,fire,explosion,self-ignition,riots,strikes or acts of terrorism,natural calamities','51007' ,'50207');
INSERT INTO T5_INSURANCE_POLICY VALUES    ('51108','Tyre Protect' ,'55008','2020-02-08', '2022-02-08',  'Coverage against loss of or damage to your vehicle caused by accident','51010' ,'50210');
INSERT INTO T5_INSURANCE_POLICY VALUES    ('51109','Tyre Protect','55009','2020-04-08', '2022-03-08',  'Coverage against loss of or damage to your vehicle caused by theft','51009' ,'50209');
INSERT INTO T5_INSURANCE_POLICY VALUES    ('51110', 'Engine Cover','55010','2020-07-08', '2021-01-08',  'Coverage against loss of or damage to your vehicle caused by riots,strikes','51008' ,'50208');
INSERT INTO T5_INSURANCE_POLICY VALUES    ('51111','Tyre Protect','55011','2020-02-08', '2021-02-08',  'Coverage against loss of or damage to your vehicle caused by natural calamities','51011' ,'50211');
INSERT INTO T5_INSURANCE_POLICY VALUES    ('51112','Engine Cover' ,'55012','2020-12-08', '2022-12-08',  'Coverage against loss of or damage to your vehicle caused by accident also for the legal liability for the damage you may cause to a third party property - while using your vehicle ','51014' ,'50214');
INSERT INTO T5_INSURANCE_POLICY VALUES    ('51113','Engine Cover' ,'55013','2020-07-08', '2022-07-08',  'Coverage against loss of or damage to your vehicle caused by natural calamities','51019' ,'50219');
INSERT INTO T5_INSURANCE_POLICY VALUES    ('51114', 'Engine Cover','55014','2020-05-08', '2022-08-20',  'Coverage against loss of or damage to your vehicle caused by natural calamities','51012' ,'50212');
INSERT INTO T5_INSURANCE_POLICY VALUES    ('51115', 'Engine Cover','55015','2020-09-08', '2022-01-08',  'Coverage against loss of or damage to your vehicle caused by accident also for the legal liability for the damage you may cause to a third party property - while using your vehicle','51011' ,'50211');
INSERT INTO T5_INSURANCE_POLICY VALUES    ('51116', 'Engine Cover','55016','2020-11-08', '2022-11-08',  'Liability Coverage','51016' ,'50216');
INSERT INTO T5_INSURANCE_POLICY VALUES    ('51117','Engine Cover', '55017','2020-10-08', '2022-12-08',  'Coverage against loss of or damage to your vehicle caused by accident,theft,fire,natural calamities','51017' ,'50217');
INSERT INTO T5_INSURANCE_POLICY VALUES    ('51118', 'Engine Cover','55018','2020-02-08', '2022-01-08',  'Coverage against loss of or damage to your vehicle caused by accident also for the legal liability for the damage you may cause to a third party property - while using your vehicle','51015' ,'50215');
INSERT INTO T5_INSURANCE_POLICY VALUES    ('51119','Engine Cover' ,'55019','2020-02-08', '2021-02-08',  'Coverage against loss of or damage to your vehicle caused by accidente','51014' ,'50214');
INSERT INTO T5_INSURANCE_POLICY VALUES    ('51120','Engine Cover', '55020','2020-05-08', '2021-02-08',  'Coverage against loss of or damage to your vehicle caused by natural calamities','51017' ,'50217');

-- table 12



INSERT INTO T5_POLICY_RENEWABLE VALUES
	('51201','2022-10-08', 'Online',  '51103','51004' ,'50204'),
    ('51202','2024-02-08', 'Online',  '51104','51002' ,'50202'),
    ('51203','2024-11-08', 'Offline',  '51102','51003' ,'50203'),
    ('51204','2024-06-08', 'Offline',  '51101','51001' ,'50201'),
    ('51205','2024-02-08', 'Online',  '51105','51005' ,'50205'),
    ('51206','2023-04-08', 'Online',  '51107','51007' ,'50207'),
    ('51207','2023-02-08', 'Online',  '51108','51010' ,'50210'),
    ('51208','2022-02-08', 'Online',  '51106','51002' ,'50202'),
    ('51209','2025-02-08', 'Offline',  '51109','51009' ,'50209'),
    ('51210','2025-07-08', 'Offline',  '51113','51019' ,'50219'),
    ('51211','2025-02-08', 'Online',  '51111','51011' ,'50211'),
    ('51212','2025-08-08', 'Online',  '51110','51008' ,'50208'),
    ('51213','2025-02-08', 'Online',  '51112','51014' ,'50214'),
    ('51214','2025-02-08', 'Online',  '51114','51012' ,'50212'),
    ('51215','2025-09-08', 'Online',  '51116','51016' ,'50216'),
    ('51216','2023-02-08', 'Online',  '51115','51011' ,'50211'),
    ('51217','2022-10-08', 'Online',  '51120','51017' ,'50217'),
    ('51215','2021-02-08', 'Offline',  '51119','51014' ,'50214'),
    ('51216','2021-11-08', 'Offline',  '51119','51014' ,'50214'),
    ('51217','2021-02-08', 'Offline',  '51112','51014' ,'50214'),
    ('51218','2021-11-08', 'Offline',  '51114','51012' ,'50212'),
    ('51219','2025-05-08', 'Offline',  '51115','51011' ,'50211'),
    ('51220','2022-07-08', 'Offline',  '51116','51016' ,'50216');

 -- table 13

INSERT INTO T5_MEMBERSHIP VALUES('51301', '513XXXPLT111111', '9820199210', '50201');
INSERT INTO T5_MEMBERSHIP VALUES('51302', '513XXXSIL111096', '9820199210', '50202');
INSERT INTO T5_MEMBERSHIP VALUES('51303', '513XXXSIL120411', '9820199210', '50203');
INSERT INTO T5_MEMBERSHIP VALUES('51304', '513XXXGLD160014', '9820199210', '50204');
INSERT INTO T5_MEMBERSHIP VALUES('51305', '513XXXSIL179009', '9820199210', '50205');
INSERT INTO T5_MEMBERSHIP VALUES('51306', '513XXXPLT100292', '9820199210', '50206');
INSERT INTO T5_MEMBERSHIP VALUES('51307', '513XXXGLD103220', '9820199210', '50207');
INSERT INTO T5_MEMBERSHIP VALUES('51308', '513XXXSIL433238', '9820199210', '50208');
INSERT INTO T5_MEMBERSHIP VALUES('51309', '513XXXSIL389492', '9820199210', '50209');
INSERT INTO T5_MEMBERSHIP VALUES('51310', '513XXXPLT199029', '9820199210', '50210');
INSERT INTO T5_MEMBERSHIP VALUES('51311', '513XXXGLD898238', '9820199210', '50211');
INSERT INTO T5_MEMBERSHIP VALUES('51312', '513XXXGLD982932', '9820199210', '50212');
INSERT INTO T5_MEMBERSHIP VALUES('51313', '513XXXSIL549038', '9820199210', '50213');
INSERT INTO T5_MEMBERSHIP VALUES('51314', '513XXXSIL009129', '9820199210', '50214');
INSERT INTO T5_MEMBERSHIP VALUES('51315', '513XXXSIL887823', '9820199210', '50215');
INSERT INTO T5_MEMBERSHIP VALUES('51316', '513XXXSIL829147', '9820199210', '50216');
INSERT INTO T5_MEMBERSHIP VALUES('51317', '513XXXGLD049382', '9820199210', '50217');
INSERT INTO T5_MEMBERSHIP VALUES('51318', '513XXXPLT023902', '9820199210', '50218');
INSERT INTO T5_MEMBERSHIP VALUES('51319', '513XXXSIL566881', '9820199210', '50219');
INSERT INTO T5_MEMBERSHIP VALUES('51320', '513XXXPLT022883', '9820199210', '50220'); 
 
-- table 14

INSERT INTO T5_QUOTE VALUES
    ('51401', '2020-02-08', '2020-02-08', '2025-02-08',  'Honda Activa 6G standard', 'T5KSHD345', '5000', '51001', '50201'),
    ('51402', '2017-04-01', '2017-04-01', '2023-04-01',  'Honda Activa 125', 'T5EION8500', '3000', '51002', '50202'),
    ('51403', '2020-06-08', '2020-06-08', '2026-06-08',  'Maruti Suzuki S-Presso LXI', 'T5BRUH420', '9000', '51003', '50203'),
    ('51404', '2014-09-29', '2014-09-29', '2021-09-29',  'Honda Activa 6G standard', 'T5LISR699', '3000', '51004', '50204'),
    ('51405', '2019-07-04', '2019-07-04', '2024-07-04',  'Volkswagen T-Roc', 'T5LSHI374', '9000', '51005', '50205'),
    ('51406', '2020-12-09', '2020-12-09', '2025-12-09',  'Mahindra XUV500 W5', 'T5LSEI236', '5000', '51006', '50206'),
    ('51407', '2020-10-23', '2020-10-23', '2025-10-23',  'Skoda Rapid', 'T5KENS902', '9000', '51007', '50207'),
    ('51408', '2019-05-29', '2019-05-29', '2024-05-29',  'Volvo XC90 2.0 D5 Momentum AT 4WD', 'T5EHIV234', '5000', '51008', '50208'),
    ('51409', '2016-11-06', '2016-11-06', '2021-11-06',  'Toyota Urban Cruiser', 'T5QEID230', '9000', '51009', '50209'),
    ('51410', '2020-09-08', '2020-09-08', '2026-09-08',  'Honda Activa 6G standard', 'T5QEWN382', '6000', '51010', '50210'),
    ('51411', '2020-07-10', '2020-07-10', '2025-07-10',  'EVehicle Air 20 T Folding Bikes/Folding Cycle', 'T5TYST969', '4000', '51011', '50211'),
    ('51412', '2018-12-10', '2018-12-10', '2023-12-10',  'Husqvarna Svartpilen 250', 'T5BSDK133', '9000', '51012', '50212'),
    ('51413', '2017-01-02', '2017-01-02', '2022-01-02',  'TVS XL100', 'T5SALE387', '2000', '51013', '50213'),
    ('51414', '2018-11-10', '2018-11-10', '2023-11-10',  'Bianchi C-sport Cross 29 T Hybrid Cycle', 'T5CHOU392', '6000', '51014', '50214'),
    ('51415', '2019-02-09', '2019-02-09', '2025-02-09', 'Royal Enfield Classic 350', 'T5LEOW783', '9000', '51015', '50215'),
    ('51416', '2018-10-06', '2018-10-06', '2024-10-06', 'Honda Activa 125', 'T5KJEI280', '3000', '51016', '50216'),
    ('51417', '2018-04-28', '2018-04-28', '2023-04-28',  'Bajaj Pulsar 150', 'T5FCUK038', '5000', '51017', '50217'),
    ('51418', '2020-06-11', '2020-06-11', '2025-06-11',  'Suzuki Access 125', 'T5JAIM021', '5000', '51018', '50218'),
    ('51419', '2017-03-03', '2017-03-03', '2022-03-03',  'TVS NTORQ', 'T5BOLW938', '5000', '51019', '50219'),
    ('51420', '2016-05-04', '2016-05-04', '2021-05-04',  'TVS Jupiter', 'T5DUMA327', '5000', '51020', '50220');
    
-- table 15
insert into T5_STAFF values ('51501','vishal','kotwal','hyderabad',7995980389,'M','Married','indian','btech',100000, 55013451,' Bajaj Allianz Vehicle Insurance Company Limited' );
insert into T5_STAFF values ('51502','uresh','reddy','hyderabad',9700052431,'M','Divorced','indian','btech',70000, 55013452,'HDFC Vehicle Insurance Company Limited' );
insert into T5_STAFF values ('51503','siva','reddy','karimnagar',9705789530,'M','Unmarr','indian','bsc',20000, 55013453, ' Bajaj Allianz Vehicle Insurance Company Limited');
insert into T5_STAFF values ('51504','shubham','kota','Nalagonda',9963699981,'M','Married','indian','bcom',10000, 55013454, ' Bajaj Allianz Vehicle Insurance Company Limited');
insert into T5_STAFF values ('51505','deepika','geedi','hyderabad',9052442045,'F','Married','indian','btech',50000, 55013455, 'HDFC Vehicle Insurance Company Limited' );
insert into T5_STAFF values ('51506','umar','nallamothu','hyderabad',9885240946,'M','Married','indian','MBA',37000, 55013456, 'Max Vehicle Insurance Company Limited');
insert into T5_STAFF values ('51507','balu','raju','hyderabad',9948721479,'M','Married','indian','btech',18000, 55013457, 'Max Vehicle Insurance Company Limited');
insert into T5_STAFF values ('51508','urao','bandikolu','hyderabad',9573797603,'M','Married','indian','btech',11000, 55013458, ' Bajaj Allianz Vehicle Insurance Company Limited');
insert into T5_STAFF values ('51509','uday','sri','hyderabad',9833892847,'F','Married','indian','btech',12500, 55013459, 'Max Vehicle Insurance Company Limited');
insert into T5_STAFF values ('51510','venkateshwara','roa','hyderabad',9440990901,'M','Married','indian','btech',7000, 55013460,'HDFC Vehicle Insurance Company Limited'  );
insert into T5_STAFF values ('51511','babu','repaka','hyderabad',9553363049,'M','Married','indian','MBA',86000, 55013461, 'HDFC Vehicle Insurance Company Limited' );
insert into T5_STAFF values ('51512','dhani','krishna','hyderabad',9246191987,'F','Married','indian','Finance',76000, 55013462, 'Max Vehicle Insurance Company Limited');
insert into T5_STAFF values ('51513','raju','verma','hyderabad',9885971114,'M','Married','indian','Btech',80000, 55013463, ' Bajaj Allianz Vehicle Insurance Company Limited');
insert into T5_STAFF values ('51514','shaik','norri','hyderabad',8885066096,'M','Married','indian','MBA',56000, 55013464, 'Max Vehicle Insurance Company Limited');
insert into T5_STAFF values ('51515','nikitha','reddy','hyderabad',9985050666,'F','Married','indian','BCOM',37000, 55013465, 'HDFC Vehicle Insurance Company Limited' );
insert into T5_STAFF values ('51516','soujanya','watla','hyderabad',9490215699,'F','Married','indian','btech',62000, 55013466, 'HDFC Vehicle Insurance Company Limited' );
insert into T5_STAFF values ('51517','vijay','chandu','hyderabad',9963293026,'M','Married','indian','BCOM',14000, 55013467, 'HDFC Vehicle Insurance Company Limited' );
insert into T5_STAFF values ('51518','vekhar','pakanati','hyderabad',9032953400,'M','Married','indian','btech',19000, 55013468, ' Bajaj Allianz Vehicle Insurance Company Limited');
insert into T5_STAFF values ('51519','murty','roa','hyderabad',9494548845,'M','Married','indian','btech',45000, 55013469,'Max Vehicle Insurance Company Limited' );
insert into T5_STAFF values ('51520','Naresh','matey','hyderabad',9963416329,'M','Married','indian','btech',34000, 55013470, 'Max Vehicle Insurance Company Limited');





-- table 16

INSERT INTO T5_NOK values ('51601','Aarav M','Hyderabad','9541284125','Male', 'Single','51101' ,'51001' ,'50201');
INSERT INTO T5_NOK values ('51602','Aarohi B','Bangalore','9871284354','Female', 'Married', '51102', '51003','50203');
INSERT INTO T5_NOK values('51603','Srinidhi Palsekar','Pune','8274141254','Female', 'Married', '51103', '51004','50204');
INSERT INTO T5_NOK values('51604','Ganesh Kulkarni','Mumbai','8423652322','Male', 'Single', '51104', '51002','50202');
INSERT INTO T5_NOK values('51605','Aakash Chatterjee','Kolkatta','7541265455','Male', 'Divorced','51105' ,'51005' ,'50205');
INSERT INTO T5_NOK values('51606','Manas Pimpalkhare','Pune','8741236525','Male', 'Divorced','51106' , '51002','50202');
INSERT INTO T5_NOK values('51607','Eesha Gadhia','Vadodara','8296321466','Female', 'Single','51107' ,'51007' ,'50207');
INSERT INTO T5_NOK values('51608','Dhatri M','Bangalore','9563214552','Female', 'Married','51108' , '51010','50210');
INSERT INTO T5_NOK values('51609','Krutika Singh','New Delhi','7851254125','Female', 'Single', '51109','51009' ,'50209');
INSERT INTO T5_NOK values('51610','Sigiri Saicharan','Hyderabad','7963214502','Male', 'Single', '51110', '51008','50208');
INSERT INTO T5_NOK values('51611','Yashdeep Jadhav','Mumbai','8604154632','Male', 'Married', '51111','51011' ,'50211');
INSERT INTO T5_NOK values('51612','Jagruth P','Bangalore','6387908561','Male', 'Single', '51112', '51014','50214');
INSERT INTO T5_NOK values('51613','Shaantanu Shende','Pune','7507081126','Male', 'Divorced', '51113','51019' ,'50219');
INSERT INTO T5_NOK values('51614','Jayalalitha S','Chennai','8007796961','Female', 'Single', '51114', '51012','50212');
INSERT INTO T5_NOK values('51615','Sandhya J','Chennai','9845106575','Female', 'Single', '51115','51011' ,'50211');
INSERT INTO T5_NOK values('51616','Vedant Shetty','Mumbai','7321463262','Male', 'Married', '51116','51016' ,'50216');
INSERT INTO T5_NOK values('51617','Vishalini Kotwal','Hyderabad','8952036512','Female', 'Single', '51117','51017' ,'50217');
INSERT INTO T5_NOK values('51618','Rehan Shaikh','Bangalore','9267412365','Male', 'Married','51118' , '51015','50215');
INSERT INTO T5_NOK values('51619','Bhavya Trivedi','Jabalpur','7845201569','Female', 'Single','51119' ,'51014' ,'50214');
INSERT INTO T5_NOK values('51620','Bhavya Trivedi','Jabal','7845101569','Female', 'Single','51119' ,'51014' ,'50214');   
 -- table 17
 
 INSERT INTO T5_PRODUCT values
('51701', '40000','Bike Insurance/Two Wheeler','Birla Sun Vehicle Insurance Company Limited' ),
('51702', '120000','Car Insurance', 'Kotak Vehicle Insurance Company Limited'),
('51703', '20000','Two Wheeler-Economy','Kotak Vehicle Insurance Company Limited' ),
('51704', '80000','Car Insurance-Economy','Birla Sun Vehicle Insurance Company Limited' ),
('51705', '90000','Two Wheeler-Luxury', 'Kotak Vehicle Insurance Company Limited'),
('51706', '200000','Car Insurance-Luxury', 'Kotak Vehicle Insurance Company Limited'),
('51707', '4000','Two Wheeler- Topup', 'Birla Sun Vehicle Insurance Company Limited'),
('51708', '1000','Two Wheeler- Topup Economy','SBI Vehicle Insurance Company Limited' ),
('51709', '10000','Car Insurance-Topup', 'SBI Vehicle Insurance Company Limited'),
('51710', '40000','Bike Insurance/Two Wheeler', 'Kotak Vehicle Insurance Company Limited'),
('51711', '40000','Bike Insurance/Two Wheeler','Birla Sun Vehicle Insurance Company Limited' ),
('51712', '40000','Bike Insurance/Two Wheeler', 'SBI Vehicle Insurance Company Limited'),
('51713', '40000','Bike Insurance/Two Wheeler','SBI Vehicle Insurance Company Limited' ),
('51714', '40000','Bike Insurance/Two Wheeler', 'Birla Sun Vehicle Insurance Company Limited'),
('51715', '40000','Bike Insurance/Two Wheeler', 'SBI Vehicle Insurance Company Limited'),
('51716', '40000','Bike Insurance/Two Wheeler', 'SBI Vehicle Insurance Company Limited'),
('51717', '40000','Bike Insurance/Two Wheeler', 'Birla Sun Vehicle Insurance Company Limited'),
('51718', '40000','Bike Insurance/Two Wheeler', 'Kotak Vehicle Insurance Company Limited'),
('51719', '40000','Bike Insurance/Two Wheeler', 'Birla Sun Vehicle Insurance Company Limited'),
('51720', '40000','Bike Insurance/Two Wheeler', 'Birla Sun Vehicle Insurance Company Limited');


 -- table 18
 
INSERT INTO T5_OFFICE VALUES ('ABC', 'Aakash', '1212121212', 'Lucknow', '1200000','51501', 'Underwriting Department', '50501', ' Bajaj Allianz Vehicle Insurance Company Limited');
INSERT INTO T5_OFFICE VALUES ('CDE', 'Rutvik', '2323232323', 'Bangalore', '1300000','51502','Underwriting Department', '50501', ' Bajaj Allianz Vehicle Insurance Company Limited');
INSERT INTO T5_OFFICE VALUES('EFG', 'Namratha', '5858585858', 'Bangalore', '1400000','51503', 'Legal Department', '50504','ICICI Prudential Vehicle Insurance Company Limited'); 
INSERT INTO T5_OFFICE VALUES('GHI', 'Bhavya', '3131311333', 'Jabalpur', '1500000','51504','Reinsurance Department', '50510',' Canara HSBC Oriental Bank of Commerce LIC Limited');
INSERT INTO T5_OFFICE VALUES('IJK', 'Yashdeep', '4747474747', 'Mumbai', '1600000','51505', 'Underwriting Department', '50501', ' Bajaj Allianz Vehicle Insurance Company Limited'); 
INSERT INTO T5_OFFICE VALUES('KLM', 'Vedant', '3245678541', 'Mumbai', '1700000','51506', 'Reinsurance Department', '50510', ' Canara HSBC Oriental Bank of Commerce LIC Limited');
INSERT INTO T5_OFFICE VALUES('MNO', 'Shubham', '8769543211', 'Pune', '1800000','51507', 'Underwriting Department', '50501', ' Bajaj Allianz Vehicle Insurance Company Limited'); 
INSERT INTO T5_OFFICE VALUES('OPQ', 'Saicharan', '2341675897', 'Hyderbad', '1900000','51508', 'Actuarial and Statistical Department', '50515', 'Shriram Vehicle Insurance Company Limited'); 
INSERT INTO T5_OFFICE VALUES('QRS', 'Vishal', '9876987652', 'Hyderbad', '1100000','51509', 'Reinsurance Department', '50510', ' Canara HSBC Oriental Bank of Commerce LIC Limited'); 
INSERT INTO T5_OFFICE VALUES('STU', 'Teja', '4356273891', 'Delhi', '1000000','51510', 'Underwriting Department', '50501', ' Bajaj Allianz Vehicle Insurance Company Limited'); 
INSERT INTO T5_OFFICE VALUES('UVW', 'Srihari', '678781155', 'Pune', '1250000','51511', 'Legal Department', '50504','ICICI Prudential Vehicle Insurance Company Limited');
INSERT INTO T5_OFFICE VALUES('WXY', 'Amitabh', '98483356733', 'Lucknow', '1340000','51512', 'Actuarial and Statistical Department', '50515', 'Shriram Vehicle Insurance Company Limited'); 
INSERT INTO T5_OFFICE VALUES('YZA', 'Rakesh', '8900678456', 'Chennai', '1780000','51513', 'Underwriting Department', '50501', ' Bajaj Allianz Vehicle Insurance Company Limited'); 
INSERT INTO T5_OFFICE VALUES('BCD', 'Rohan', '5678904357', 'Bangalore', '1560000','51514', 'Legal Department', '50504','ICICI Prudential Vehicle Insurance Company Limited'); 
INSERT INTO T5_OFFICE VALUES('DEF', 'Anjali', '9090887766', 'Bangalore', '1650000','51515', 'Actuarial and Statistical Department', '50515', 'Shriram Vehicle Insurance Company Limited'); 
INSERT INTO T5_OFFICE VALUES('FGH', 'Navya', '142543678', 'Hyderbad', '1870000','51516', 'Reinsurance Department', '50510', ' Canara HSBC Oriental Bank of Commerce LIC Limited');
INSERT INTO T5_OFFICE VALUES('HIJ', 'Lohit', '7117171717', 'Channai', '1110000','51517', 'Actuarial and Statistical Department', '50515', 'Shriram Vehicle Insurance Company Limited'); 
INSERT INTO T5_OFFICE VALUES('JKL', 'Ananya', '8484884484', 'Kerala', '1670000','51518', 'Actuarial and Statistical Department', '50515', 'Shriram Vehicle Insurance Company Limited'); 
INSERT INTO T5_OFFICE VALUES('LMN', 'Satyam', '9801111111', 'Delhi', '1930000','51519','Underwriting Department', '50501', ' Bajaj Allianz Vehicle Insurance Company Limited');
INSERT INTO T5_OFFICE VALUES('NOP', 'Aditya', '6666000222', 'Lucknow', '1850000','51520', 'Legal Department', '50504','ICICI Prudential Vehicle Insurance Company Limited');

-- table 19

INSERT INTO T5_COVERAGE VALUES ('51901', '410000', 'Liability', 'HIGH', 'TS5001', 'When accident takes place before your fault', '1 Year', 'Birla Sun Vehicle Insurance Company Limited'),
('51902', '520000', 'Collision', 'HIGH', 'TRS998', 'Bear your car repair expenses after the accident', '8 Months', 'SBI Vehicle Insurance Company Limited'),
('51903', '630000', 'Personal Injury', 'LOW', 'TYU887', 'Personal injury protection will cover all the costs associated with the accident', '8 Months', 'Birla Sun Vehicle Insurance Company Limited'),
('51904', '40000', 'Liability', 'LOW', 'TS5455', 'When accident takes place before your fault', '2 Years', 'SBI Vehicle Insurance Company Limited'),
('51905', '150000', 'Comprehensive', 'LOW', 'TRYU78', 'Include all kinds of risk factors that are associated with your vehicle, driver, passengers, third-party vehicle, third-party driver, third-party vehicle passengers and third-party property', '8 Months', 'SBI Vehicle Insurance Company Limited'),
('51906', '160000', 'Personal Injury', 'HIGH', 'TVB009', 'Personal injury protection will cover all the costs associated with the accident', '13 Months', 'Reliance Vehicle Insurance Company Limited'),
('51907', '170000', 'Liability', 'MEDIUM', 'TSC456', 'When accident takes place before your fault', '18 Months', 'Birla Sun Vehicle Insurance Company Limited'),
('51908', '180000', 'Collision', 'MEDIUM', 'TRS324', 'Bear your car repair expenses after the accident', '15 Months', 'Reliance Vehicle Insurance Company Limited'),
('51910', '190000', 'Personal Injury', 'LOW', 'TFGH76', 'Personal injury protection will cover all the costs associated with the accident', '5 Months', 'Birla Sun Vehicle Insurance Company Limited'),
('51911', '199000', 'Comprehensive', 'LOW', 'YUHG76', 'Include all kinds of risk factors that are associated with your vehicle, driver, passengers, third-party vehicle, third-party driver, third-party vehicle passengers and third-party property', '8 Months', 'Reliance Vehicle Insurance Company Limited'),
('51912', '123000', 'Liability', 'MEDIUM', 'FGH876', 'When accident takes place before your fault', '1 Year', 'Kotak Vehicle Insurance Company Limited'),
('51913', '156000', 'Collision', 'MEDIUM', 'TRE007', 'Bear your car repair expenses after the accident', '1 Months', 'Kotak Vehicle Insurance Company Limited'),
('51914', '543000', 'Liability', 'HIGH', 'RE4562', 'When accident takes place before your fault', '3 Years', 'SBI Vehicle Insurance Company Limited'),
('51915', '687000', 'Liability', 'MEDIUM', 'NBH654', 'When accident takes place before your fault', '1 Year', 'SBI Vehicle Insurance Company Limited'),
('51916', '653000', 'Liability', 'MEDIUM', 'ASH123', 'When accident takes place before your fault', '18 Months', 'Birla Sun Vehicle Insurance Company Limited'),
('51917', '666000', 'Comprehensive', 'LOW', 'OKI987', 'Include all kinds of risk factors that are associated with your vehicle, driver, passengers, third-party vehicle, third-party driver, third-party vehicle passengers and third-party property', '8 Months', 'Kotak Vehicle Insurance Company Limited'),
('51918', '677000', 'Comprehensive', 'LOW', 'ALO276', 'Include all kinds of risk factors that are associated with your vehicle, driver, passengers, third-party vehicle, third-party driver, third-party vehicle passengers and third-party property', '8 Months', 'Kotak Vehicle Insurance Company Limited'),
('51919', '112000', 'Liability', 'HIGH', 'TSV555', 'When accident takes place before your fault', '15 Months', 'Kotak Vehicle Insurance Company Limited'),
('51920', '197000', 'Collision', 'LOW', 'TBH777', 'Bear your car repair expenses after the accident', '1 Year', 'Birla Sun Vehicle Insurance Company Limited');

-- table 20

INSERT INTO T5_INSURANCE_POLICY_COVERAGE VALUES
	( '51101','51001', '50201',51901,"Birla Sun Vehicle Insurance Company Limited" ), 
    ( '51104','51002', '50202',51903,"Birla Sun Vehicle Insurance Company Limited"),
    ( '51106','51002', '50202',51907,"Birla Sun Vehicle Insurance Company Limited"),
    ( '51102','51003', '50203',51910,"Birla Sun Vehicle Insurance Company Limited"),
    ( '51103','51004', '50204',51916,"Birla Sun Vehicle Insurance Company Limited"),
    ( '51105','51005', '50205',51920,"Birla Sun Vehicle Insurance Company Limited"),
    ( '51107','51007', '50207',51912,"Kotak Vehicle Insurance Company Limited"),
    ( '51110','51008', '50208',51913,"Kotak Vehicle Insurance Company Limited"),
    ( '51109','51009', '50209',51917,"Kotak Vehicle Insurance Company Limited"),
    ( '51108','51010', '50210',51918,"Kotak Vehicle Insurance Company Limited"),
    ( '51111','51011', '50211',51919,"Kotak Vehicle Insurance Company Limited"),
    ( '51115','51011', '50211',51906,"Reliance Vehicle Insurance Company Limited"),
    ( '51114','51012', '50212',51908,"Reliance Vehicle Insurance Company Limited"),
    ( '51112','51014', '50214',51911,"Reliance Vehicle Insurance Company Limited"),
    ( '51119','51014', '50214',51902,"SBI Vehicle Insurance Company Limited"),
    ( '51118','51015', '50215',51904,"SBI Vehicle Insurance Company Limited"),
    ( '51116','51016', '50216',51905,"SBI Vehicle Insurance Company Limited"),
    ('51117' ,'51017', '50217',51914,"SBI Vehicle Insurance Company Limited"),
    ( '51120','51017', '50217',51915,"SBI Vehicle Insurance Company Limited");
    
 -- table 21
INSERT INTO T5_CLAIM VALUES
	('52101','52001' ,'500000','50101' ,'Windshield damage','2021-03-03','Approved','50202'),
    ('52102','52002' ,'200000','50102' ,'Animal collisions','2023-02-04','Rejected','50204'),
	('52103', '52003','150000','50103' ,'Accident','2020-07-29','Approved','50208'),
	('52104', '52004','180000','50104' ,'Windshield damage','2019-02-23','pending','50212'),
	('52105', '52005','450000', '50105','Vandalism','2019-03-06','Approved','50214'),
	('52106', '52006','270000','50106' ,'Animal collision','2024-08-23','pending','50216'),
	('52107', '52007','350000','50107' ,'Accident','2018-12-19','Rejected','50219'),
    ('52108','52008' ,'500000','50101' ,'Windshield damage','2021-05-03','Approved','50202'),
    ('52109','52009' ,'200000','50102' ,'Animal collisions','2023-05-04','Rejected','50204'),
	('52110', '52010','450000','50103' ,'Accident','2020-05-22','Approved','50208'),
	('52111', '52011','180000','50104' ,'Windshield damage','2019-12-20','pending','50212'),
	('52112', '52012','450000', '50105','Vandalism','2019-06-16','Approved','50214'),
	('52113', '52013','270000','50106' ,'Animal collision','2024-08-20','pending','50216'),
	('52114', '52014','550000','50107' ,'Accident','2016-12-19','Rejected','50219'),
	('52115', '52015','450000', '50105','Vandalism','2019-03-09','Approved','50214'),
	('52116', '52016','470000','50106' ,'Animal collision','2024-08-25','pending','50216'),
	('52117', '52017','450000','50107' ,'Accident','2019-12-19','Rejected','50219'),
	('52118', '52018','450000', '50105','Vandalism','2019-03-06','Approved','50214'),
	('52119', '52019','270000','50106' ,'Animal collision','2024-08-23','pending','50216'),
	('52120', '52020','350000','50107' ,'Accident','2018-12-19','Rejected','50219');
    
-- table 22

INSERT INTO T5_CLAIM_SETTLEMENT VALUES
	('52201','50708','2017-03-23','500000', '51901', '52102', '50204'),
        ('52202','50705','2015-02-20','200000', '51902', '52103','50208'),
        ('52203','50702','2019-08-11','150000', '51903', '52105','50214'),
	('52204','50714','2019-03-09','180000', '51904', '52107','50219'),
	('52205','50719','2011-03-15','450000', '51905', '52108','50202'),
	('52206','50716','2013-09-07','270000', '51906', '52109','50204'),
	('52207','50713','2018-12-30','350000', '51907', '52110','50208'),
	('52208','50702','2014-09-29','450000', '51908', '52112','50214'),
	('52209','50711','2015-11-03','190000', '51909', '52114','50219'),
	('52210','50713','2003-02-28','655000', '51910', '52115','50214'),
	('52211','50707','2008-11-24','12000', '51911', '52117','50219'),
	('52212','50720','1999-08-31','400000', '51912', '52118','50214'),
	('52213','50717','2006-04-12','35000', '51913', '52120','50219'),
    ('53314','50711','1993-03-21','5000000', '51920', '52101', '50202');
